,GĐ1 – TIỀN XỬ LÝ XƠ DỪA (Từ 100g xơ dừa thô → ~38g Cellulose tinh khiết)
,"Mục tiêu: Loại bỏ lignin (~40–45%), hemicellulose (~15–20%), sáp, tro → Thu cellulose tinh khiết làm nguyên liệu tạo hydrogel"
,Thông số,Giá trị,Đơn vị,Cơ sở tính,Lượng cụ thể (100g xơ),Thiết bị,Thời gian,Lưu ý / Cảnh báo,Kiểm tra
,BƯỚC 1a – Xử lý kiềm (NaOH): Loại lignin chính
,Khối lượng xơ dừa đầu vào,100,g,-,100 g xơ dừa khô,Beaker 2000mL / bình cầu 2L,—,Cân phân tích ±0.01g
,Thể tích nước cất (L/w = 10:1),1000,mL,L/W = 10:1 (w/v),1000 mL H₂O cất,Bình cầu 2L + sinh hàn hồi lưu,—,Đong bằng ống đong 1L
,Nồng độ NaOH,6,%w/v,6% w/v khuyến nghị,60 g NaOH (tinh thể) / 1000mL,"Bình thủy tinh, cân",—,⚠ NaOH tỏa nhiệt khi hòa tan – hòa tan trước trong 200mL nước lạnh
,→ Khối lượng NaOH cần dùng,60,g,6g/100mL × 1000mL,60 g NaOH tinh thể (≥97%),Cân phân tích,—,"NaOH rẻ ~15,000đ/kg",✓
,Nhiệt độ phản ứng,80,°C,Tối ưu loại lignin,Bếp khuấy từ gia nhiệt 80°C,Bếp khuấy từ có gia nhiệt,2 giờ,Kiểm soát ±5°C; không quá 90°C sẽ phá cellulose
,Tốc độ khuấy,300,rpm,Đảm bảo tiếp xúc đều,Cá từ 3–4 cm,Máy khuấy từ + cá từ,Liên tục,Không khuấy quá mạnh làm vụn xơ
,Rửa sau xử lý,pH 6.5–7,—,Loại NaOH dư,Nước cất nhiều lần; ~3–5L tổng,Bình lọc Büchner + bơm hút,30–60 phút,"Đo pH nước rửa cuối bằng pH meter. 
NẾU pH>7 → rửa thêm",✓
,Khối lượng thu được (ước tính),75,g,"Thất thoát lignin ~20g, tạp ~5g",~75 g xơ sau kiềm hóa (ẩm → sấy 60°C/2h),Tủ sấy 60°C,2 giờ sấy,Cân lại sau sấy để xác nhận hiệu suất thực tế,✓
,  Dung dịch thải sau GĐ1a chứa lignin (màu nâu đậm) + NaOH. Trung hòa bằng HCl loãng trước khi thải. Không xả trực tiếp.
,BƯỚC 1b – Tẩy trắng H₂O₂: Loại lignin còn lại + tẩy màu
,Khối lượng đầu vào,75,g,Sau GĐ1a,75 g xơ sau kiềm hóa,Beaker 1500mL,—
,Thể tích nước cất,750,mL,L/W = 10:1,750 mL H₂O cất,Bình thủy tinh,—
,H₂O₂ 30% (nguyên chất),75,mL,3 vol% H₂O₂ trong dung dịch phản ứng,75mL H₂O₂ 30% + 675mL H₂O → [H₂O₂]=3%,"Ống đong, tủ hút",—,"⚠ H₂O₂ 30% ăn mòn da/mắt. Đeo kính + găng tay. Thêm từ từ vào nước lạnh, không ngược lại",✓
,NaOH bổ sung,7.5,g,NaOH 1% w/v môi trường kiềm,7.5 g NaOH / 750mL → pH ≈ 11–12,Beaker nhỏ,—,Môi trường kiềm tăng hiệu quả H₂O₂ tẩy lignin
NẾU pH>7 → rửa thêm",✓
,Khối lượng thu được (ước tính),75,g,"Thất thoát lignin ~20g, tạp ~5g",~75 g xơ sau kiềm hóa (ẩm → sấy 60°C/2h),Tủ sấy 60°C,2 giờ sấy,Cân lại sau sấy để xác nhận hiệu suất thực tế,✓
,  Dung dịch thải sau GĐ1a chứa lignin (màu nâu đậm) + NaOH. Trung hòa bằng HCl loãng trước khi thải. Không xả trực tiếp.
,BƯỚC 1b – Tẩy trắng H₂O₂: Loại lignin còn lại + tẩy màu
,Khối lượng đầu vào,75,g,Sau GĐ1a,75 g xơ sau kiềm hóa,Beaker 1500mL,—
,Thể tích nước cất,750,mL,L/W = 10:1,750 mL H₂O cất,Bình thủy tinh,—
,H₂O₂ 30% (nguyên chất),75,mL,3 vol% H₂O₂ trong dung dịch phản ứng,75mL H₂O₂ 30% + 675mL H₂O → [H₂O₂]=3%,"Ống đong, tủ hút",—,"⚠ H₂O₂ 30% ăn mòn da/mắt. Đeo kính + găng tay. Thêm từ từ vào nước lạnh, không ngược lại",✓
,NaOH bổ sung,7.5,g,NaOH 1% w/v môi trường kiềm,7.5 g NaOH / 750mL → pH ≈ 11–12,Beaker nhỏ,—,Môi trường kiềm tăng hiệu quả H₂O₂ tẩy lignin
,Nhiệt độ,60,°C,Đủ kích hoạt H₂O₂,Bếp khuấy từ 60°C,Bếp khuấy từ,1 giờ,"Không >70°C: H₂O₂ phân hủy quá nhanh, lãng phí + nguy hiểm",✓
,Rửa sau tẩy trắng,pH 6.5–7,—,Loại H₂O₂ dư,Nước cất; ~2–3L tổng,Lọc Büchner,30 phút,Có thể kiểm tra H₂O₂ dư bằng giấy test peroxide,✓
,Khối lượng thu được,62,g,Mất ~13g lignin còn lại + sáp,~62 g xơ tẩy trắng,Tủ sấy 60°C/2h,2 giờ,Xơ phải có màu trắng kem. Nếu còn vàng → lặp lại GĐ1b,✓
,"  Chi phí ước tính GĐ1b: H₂O₂ 30% ~75mL (~7,500đ); NaOH 7.5g (~500đ). Tổng ~8,000đ cho 100g xơ."
,BƯỚC 1c – Thủy phân HCl: Loại hemicellulose → Thu α-cellulose tinh khiết
,Khối lượng đầu vào,62,g,Sau GĐ1b,62 g xơ tẩy trắng,Bình cầu 1L có sinh hàn,—
,Thể tích HCl 2M cần pha,620,mL,L/W = 10:1,Pha từ HCl 37%: V = 2M×0.62L / 12.07M = 102.7mL HCl 37% + 517.3mL H₂O,"Bình pha chế, ống đong, tủ hút",—,"⚠ Luôn thêm HCl vào nước, KHÔNG ngược lại. Phản ứng tỏa nhiệt mạnh",✓
,→ HCl 37% cần dùng,102.7,mL,"C=2M, V=620mL",102.7 mL HCl 37% (d=1.19g/mL),Ống đong thủy tinh + pipette,—,"HCl 37% ~30,000đ/L. Lượng dùng rất nhỏ."
,Nhiệt độ thủy phân,60,°C,Tối ưu loại hemicellulose,Bếp khuấy từ gia nhiệt,Bếp khuấy từ + sinh hàn hồi lưu,2 giờ,Không >70°C sẽ bắt đầu thủy phân cả cellulose,✓
,Rửa trung hòa,pH 6.5–7.0,—,Loại HCl hoàn toàn,Nước cất nhiều lần; ~4–5L tổng; rửa đến pH trung tính,Lọc Büchner + bơm chân không,45–60 phút,CỰC QUAN TRỌNG: HCl dư sẽ phá hydrogel ở GĐ2. Đo pH bằng pH meter,✓
,Sấy sơ bộ cellulose,60,°C,Giảm ẩm trước GĐ2,Tủ sấy đối lưu 60°C / 12 giờ,Tủ sấy đối lưu,12 giờ (qua đêm),Sấy đến khối lượng không đổi. Cân mỗi 2h để xác nhận
,→ Cellulose tinh khiết thu được,38,g,Thất thoát ~24g hemicellulose+tro,~38 g cellulose khô (α-cellulose ≥ 85%),Cân phân tích,—,Bảo quản hút ẩm trong bình kín. Không để ẩm trước GĐ2,✓
,"⚠ KIỂM TRA CHẤT LƯỢNG CELLULOSE: Cellulose tốt phải có màu trắng, mịn. Nếu còn màu vàng → lặp GĐ1b. Nếu pH sau rửa >7.0 → rửa thêm HCl 0.1M rồi nước cất."
