,GĐ3 – DOPING Fe–N (Ngâm tẩm FeCl₃ + Urea vào Hydrogel → Fe-N-Cellulose Gel)
,Cơ sở: 680g hydrogel ẩm (chứa ~36g cellulose). Fe mục tiêu = 10 wt% so với cellulose khô. Dung dịch ngâm V = 3× thể tích gel = 2040 mL
,Thông số,Giá trị,Đơn vị,Công thức tính,Lượng cụ thể cần dùng,Thiết bị,Thời gian,Lưu ý / Cảnh báo
,A. TÍNH TOÁN HÓA CHẤT DOPING (Fe = 10 wt% vs cellulose khô)
,Cellulose khô trong gel (tham chiếu),36,g,Từ GĐ2,36 g cellulose polymer trong hydrogel,—,—,Đây là khối lượng cơ sở tính doping
,Fe mục tiêu (10 wt% vs cellulose),3.6,g Fe,36g × 10% = 3.6g Fe,3.6 g nguyên tử Fe cần đưa vào vật liệu,—,—,Tỉ lệ thực nghiệm phổ biến trong tài liệu: 5–15%
,MW FeCl₃·6H₂O,270.3,g/mol,Fe=55.85; Cl₃=106.35; 6H₂O=108.1,FeCl₃·6H₂O = 270.3 g/mol,—,—,"Dạng muối hydrate phổ biến, dễ mua"
,→ Khối lượng FeCl₃·6H₂O cần dùng,17.4,g,3.6g × (270.3/55.85) = 17.4g,17.4 g FeCl₃·6H₂O (tinh thể vàng cam),Cân phân tích ±0.01g,—,⚠ FeCl₃ oxy hóa nhẹ da. Dùng găng tay. Tính dư 20% → cân 20.9g để bù thất thoát hấp phụ,✓
,Urea (nguồn N: 20 wt% vs cellulose),7.2,g,36g × 20% = 7.2g,7.2 g Urea (CO(NH₂)₂),Cân kỹ thuật,—,"Urea vừa là nguồn N, vừa tạo xốp khi phân hủy nhiệt"
,Thể tích dung dịch ngâm,2040,mL,V = 3 × V_gel = 3 × 680mL = 2040mL,2040 mL H₂O cất (≈2L),Ống đong 2L,—,Dùng 3× thể tích gel để đảm bảo ngâm đều
,→ Nồng độ FeCl₃ trong dung dịch ngâm,8.52,g/L,17.4g / 2.04L = 8.52 g/L,~8.5 g/L FeCl₃·6H₂O → ~0.031 M,—,—,"Nồng độ thấp → ngấm từ từ, phân bố đều hơn"
,→ Nồng độ Urea trong dung dịch ngâm,3.53,g/L,7.2g / 2.04L = 3.53 g/L,~3.5 g/L Urea → ~0.059 M,—,—
,B. QUY TRÌNH NGÂM TẨM DOPING
,Bước 1: Pha dung dịch ngâm,FeCl₃ + Urea + H₂O,—,Hòa tan lần lượt vào H₂O cất RT,"Hòa tan 20.9g FeCl₃·6H₂O + 7.2g Urea vào 2040mL H₂O cất, khuấy tan hoàn toàn",Beaker 3L + đũa khuấy,15 phút,"Dung dịch có màu vàng nhạt. Nếu đục → chưa tan hết, khuấy thêm"
,Bước 2: Ngâm hydrogel vào dung dịch,Toàn bộ hydrogel,—,V_dd >> V_gel để ngấm đều,Đặt toàn bộ gel vào chậu chứa dung dịch ngâm. Dùng lưới/vật nặng giữ gel chìm trong dung dịch,"Chậu PTFE hoặc thủy tinh 3L, lưới inox",—,Gel phải hoàn toàn chìm trong dung dịch
,Bước 3: Khuấy nhẹ / lắc,50–100 rpm,rpm,Tăng khuếch tán Fe³⁺ vào gel,Lắc nhẹ 50 rpm hoặc khuấy từ nhẹ,Máy lắc ngang HOẶC khuấy từ nhẹ,24 giờ (qua đêm),Nhiệt độ phòng RT. Không cần gia nhiệt. Đậy nắp tránh bốc hơi
,Bước 4: Kiểm tra độ ngấm (tùy chọn),—,—,ICP dung dịch trước/sau để tính hiệu suất,Lấy 1mL dung dịch ngâm sau 24h đo màu hoặc gửi ICP,Máy quang phổ UV-Vis hoặc ICP-OES,30 phút,Nồng độ Fe giảm trong dung dịch = Fe đã vào gel. Hiệu suất thực tế ~60–75%
,"Bước 5: Lấy gel ra, rửa sơ bộ",Nước cất,—,Loại Fe³⁺ bề mặt không liên kết,Rửa nhẹ bề mặt gel bằng nước cất 2–3 lần (không ngâm lâu),"Chậu nước, pince gắp",10–15 phút,Rửa QUÁ nhiều sẽ rửa trôi Fe đã ngấm → Chỉ rửa nhẹ bề mặt
,→ Gel sau doping (khối lượng ẩm),~700g,g,Tăng nhẹ do Fe hấp thu,~700g gel ẩm (Fe thực tế trong gel: ~2.3g = ~65% hiệu suất),Cân kỹ thuật,—,Bảo quản trong nước cất nếu chưa sang GĐ4 ngay
,"C. BẢNG KHẢO SÁT TỈ LỆ Fe (5%, 10%, 15%) – THÍ NGHIỆM SONG SONG"
,Mẫu,Fe mục tiêu,FeCl₃·6H₂O cần,Urea cần,Nồng độ FeCl₃ (g/L),Thể tích dd ngâm,Ghi chú
,Fe5N-CA,5 wt% = 1.8g Fe,8.7g (dư 20%→10.5g),7.2g,4.3 g/L,2040 mL,Ít hoạt tính nhất trong 3 mẫu
,Fe10N-CA,10 wt% = 3.6g Fe,17.4g (dư 20%→20.9g),7.2g,8.5 g/L,2040 mL,★ Mẫu tối ưu theo tài liệu
,Fe15N-CA,15 wt% = 5.4g Fe,26.2g (dư 20%→31.4g),7.2g,12.7 g/L,2040 mL,Có thể có Fe dư (cluster) giảm hoạt tính
,  Ba mẫu Fe5/Fe10/Fe15 có thể ngâm SONG SONG trong 3 chậu riêng biệt cùng lúc → tiết kiệm 24h so với làm tuần tự
,⚠ FeCl₃ làm ngả màu bàn/thiết bị và oxy hóa nhẹ. Dùng găng cao su. Dung dịch thải sau ngâm chứa Fe³⁺ → xử lý bằng NaOH/Ca(OH)₂ để kết tủa Fe(OH)₃ trước khi thải.
